{
    "name": "Global Information",
    "numberOfRequests": {
        "total": 7703,
        "ok": 7703,
        "ko": 0
    },
    "minResponseTime": {
        "total": 8,
        "ok": 8,
        "ko": -1
    },
    "maxResponseTime": {
        "total": 447,
        "ok": 447,
        "ko": -1
    },
    "meanResponseTime": {
        "total": 56,
        "ok": 56,
        "ko": -1
    },
    "standardDeviation": {
        "total": 36,
        "ok": 36,
        "ko": -1
    },
    "percentiles1": {
        "total": 62,
        "ok": 62,
        "ko": -1
    },
    "percentiles2": {
        "total": 76,
        "ok": 76,
        "ko": -1
    },
    "percentiles3": {
        "total": 116,
        "ok": 116,
        "ko": -1
    },
    "percentiles4": {
        "total": 153,
        "ok": 153,
        "ko": -1
    },
    "group1": {
        "name": "t < 800 ms",
        "count": 7703,
        "percentage": 100
    },
    "group2": {
        "name": "800 ms < t < 1200 ms",
        "count": 0,
        "percentage": 0
    },
    "group3": {
        "name": "t > 1200 ms",
        "count": 0,
        "percentage": 0
    },
    "group4": {
        "name": "failed",
        "count": 0,
        "percentage": 0
    },
    "meanNumberOfRequestsPerSecond": {
        "total": 4.272845272301668,
        "ok": 4.272845272301668,
        "ko": -1.0
    }
}